{
  "results": [
    {
      "_id": "6285ed914d5314a0929270b3",
      "company": "CYTREK",
      "email": "letacopeland@cytrek.com",
      "phone": "(906) 572-2733",
      "address": "180 Wilson Street, Belmont, Rhode Island, 6718",
      "country": "Ireland",
      "date": "2018-02-22T09:33:39 -01:00",
      "elementos": [
        "laboris",
        "veniam",
        "ea",
        "eu",
        "incididunt",
        "minim",
        "proident",
        "ex",
        "mollit"
      ],
      "invoice": 12927
    },
    {
      "_id": "6285ed91102388c371a631b6",
      "company": "ZAGGLE",
      "email": "letacopeland@zaggle.com",
      "phone": "(814) 591-2289",
      "address": "873 Post Court, Jugtown, Georgia, 8543",
      "country": "Swaziland",
      "date": "2017-03-10T12:29:54 -01:00",
      "elementos": [
        "nostrud",
        "et",
        "id",
        "deserunt",
        "anim",
        "deserunt",
        "in",
        "nostrud",
        "consectetur"
      ],
      "invoice": 36996
    },
    {
      "_id": "6285ed91e51884bb9e69a7e9",
      "company": "VIXO",
      "email": "letacopeland@vixo.com",
      "phone": "(990) 591-3845",
      "address": "427 Times Placez, Shelby, Idaho, 7197",
      "country": "Iraq",
      "date": "2018-09-11T02:22:42 -02:00",
      "elementos": [
        "tempor",
        "cupidatat",
        "cillum"
      ],
      "invoice": 15598
    },
    {
      "_id": "6285ed910e16325b6070ea26",
      "company": "IMKAN",
      "email": "letacopeland@imkan.com",
      "phone": "(801) 593-3810",
      "address": "320 Buffalo Avenue, Cowiche, Alabama, 3762",
      "country": "Italy",
      "date": "2018-11-04T07:20:23 -01:00",
      "elementos": [
        "velit",
        "exercitation",
        "sunt"
      ],
      "invoice": 27148
    },
    {
      "_id": "6285ed912e4ff3397efd4ecc",
      "company": "GEOFORM",
      "email": "letacopeland@geoform.com",
      "phone": "(904) 452-3810",
      "address": "294 Losee Terrace, Malo, Oregon, 5177",
      "country": "Antarctica",
      "date": "2019-08-28T02:20:03 -02:00",
      "elementos": [
        "eu",
        "tempor",
        "labore",
        "occaecat",
        "proident"
      ],
      "invoice": 41678
    },
    {
      "_id": "6285ed91c4b62095c10e775a",
      "company": "AFFLUEX",
      "email": "letacopeland@affluex.com",
      "phone": "(850) 489-3720",
      "address": "872 Provost Street, Odessa, Delaware, 820",
      "country": "Saint Lucia",
      "date": "2018-07-20T06:59:44 -02:00",
      "elementos": [
        "mollit",
        "id",
        "exercitation"
      ],
      "invoice": 25424
    },
    {
      "_id": "6285ed91c6a0706c4b316bdc",
      "company": "QUALITERN",
      "email": "letacopeland@qualitern.com",
      "phone": "(982) 490-2022",
      "address": "739 Herbert Street, Vale, Texas, 4373",
      "country": "Cuba",
      "date": "2015-10-28T12:09:24 -01:00",
      "elementos": [
        "adipisicing",
        "eiusmod",
        "nulla",
        "non",
        "incididunt",
        "incididunt",
        "sit",
        "laboris"
      ],
      "invoice": 26546
    },
    {
      "_id": "6285ed91a5c7f2cd1d9fa707",
      "company": "KONNECT",
      "email": "letacopeland@konnect.com",
      "phone": "(906) 435-2278",
      "address": "901 Belvidere Street, Nicut, Guam, 6581",
      "country": "Tonga",
      "date": "2016-12-08T01:06:59 -01:00",
      "elementos": [
        "non",
        "aliqua",
        "cupidatat",
        "magna",
        "ut"
      ],
      "invoice": 21741
    },
    {
      "_id": "6285ed91d3d964fa1bda6954",
      "company": "KEENGEN",
      "email": "letacopeland@keengen.com",
      "phone": "(900) 496-2046",
      "address": "251 Pershing Loop, Libertytown, Federated States Of Micronesia, 4624",
      "country": "Syria",
      "date": "2019-01-29T02:56:56 -01:00",
      "elementos": [
        "fugiat",
        "culpa",
        "ad"
      ],
      "invoice": 27813
    },
    {
      "_id": "6285ed91919981116998c4e3",
      "company": "OPTYK",
      "email": "letacopeland@optyk.com",
      "phone": "(928) 487-2809",
      "address": "756 Lott Street, Wolcott, Virgin Islands, 7159",
      "country": "Turks and Caicos Islands",
      "date": "2014-11-26T07:35:26 -01:00",
      "elementos": [
        "mollit",
        "laboris"
      ],
      "invoice": 11479
    },
    {
      "_id": "6285ed91211261d3f2e04818",
      "company": "CODAX",
      "email": "letacopeland@codax.com",
      "phone": "(841) 427-3042",
      "address": "956 Paerdegat Avenue, Gerber, Minnesota, 9258",
      "country": "Cocos (Keeling Islands)",
      "date": "2021-11-27T09:21:26 -01:00",
      "elementos": [
        "consectetur",
        "proident",
        "id",
        "eiusmod",
        "labore",
        "ea",
        "enim",
        "veniam"
      ],
      "invoice": 44392
    },
    {
      "_id": "6285ed9183f4b8ff1f1840a2",
      "company": "TELEPARK",
      "email": "letacopeland@telepark.com",
      "phone": "(850) 423-2361",
      "address": "154 Ridge Boulevard, Motley, Ohio, 4581",
      "country": "Switzerland",
      "date": "2020-12-11T03:53:01 -01:00",
      "elementos": [
        "quis",
        "consequat",
        "quis",
        "nostrud",
        "quis",
        "quis",
        "ex",
        "sit"
      ],
      "invoice": 38617
    },
    {
      "_id": "6285ed91c25f593b59abcdb7",
      "company": "ZILLACOM",
      "email": "letacopeland@zillacom.com",
      "phone": "(930) 509-2470",
      "address": "896 Bank Street, Remington, Mississippi, 3816",
      "country": "Uzbekistan",
      "date": "2017-03-07T11:04:46 -01:00",
      "elementos": [
        "esse",
        "laboris",
        "incididunt",
        "ullamco",
        "ipsum",
        "ipsum"
      ],
      "invoice": 35102
    },
    {
      "_id": "6285ed91a6ec8b6d6e66d171",
      "company": "QUINTITY",
      "email": "letacopeland@quintity.com",
      "phone": "(958) 480-3439",
      "address": "945 Wallabout Street, Rose, Indiana, 899",
      "country": "Iran",
      "date": "2019-08-29T06:58:29 -02:00",
      "elementos": [
        "sint",
        "incididunt",
        "incididunt",
        "laborum"
      ],
      "invoice": 37357
    },
    {
      "_id": "6285ed914ae4f4eea9972565",
      "company": "BOILICON",
      "email": "letacopeland@boilicon.com",
      "phone": "(849) 490-2220",
      "address": "369 Vanderveer Street, Navarre, American Samoa, 9844",
      "country": "Burkina Faso",
      "date": "2019-07-16T11:03:37 -02:00",
      "elementos": [
        "consectetur",
        "veniam"
      ],
      "invoice": 29748
    },
    {
      "_id": "6285ed91564337511e7c9fa0",
      "company": "GORGANIC",
      "email": "letacopeland@gorganic.com",
      "phone": "(917) 449-2672",
      "address": "224 Turnbull Avenue, Cetronia, Alaska, 3167",
      "country": "Mauritius",
      "date": "2022-05-14T01:02:01 -02:00",
      "elementos": [
        "sit",
        "consequat",
        "ipsum",
        "incididunt",
        "nulla",
        "qui"
      ],
      "invoice": 19787
    },
    {
      "_id": "6285ed917ef318d2086dad2b",
      "company": "PHARMACON",
      "email": "letacopeland@pharmacon.com",
      "phone": "(970) 551-2279",
      "address": "291 Java Street, National, New Jersey, 8395",
      "country": "Nigeria",
      "date": "2019-10-08T08:42:33 -02:00",
      "elementos": [
        "reprehenderit",
        "duis",
        "exercitation",
        "ex",
        "officia",
        "quis",
        "ullamco",
        "sit"
      ],
      "invoice": 20169
    },
    {
      "_id": "6285ed914c9bd77be5ed9628",
      "company": "GEEKOLOGY",
      "email": "letacopeland@geekology.com",
      "phone": "(800) 427-2816",
      "address": "457 Nichols Avenue, Harold, Colorado, 9307",
      "country": "Mexico",
      "date": "2014-08-05T05:23:48 -02:00",
      "elementos": [
        "fugiat",
        "voluptate",
        "magna",
        "minim",
        "mollit",
        "dolor"
      ],
      "invoice": 30807
    },
    {
      "_id": "6285ed91fae557d2f635a302",
      "company": "COMVEY",
      "email": "letacopeland@comvey.com",
      "phone": "(913) 553-2397",
      "address": "932 Brooklyn Road, Lopezo, Pennsylvania, 9747",
      "country": "Cambodia",
      "date": "2015-07-08T04:01:07 -02:00",
      "elementos": [
        "amet",
        "sunt",
        "id",
        "anim",
        "eiusmod"
      ],
      "invoice": 40550
    },
    {
      "_id": "6285ed91c7a72246b2927891",
      "company": "ZILPHUR",
      "email": "letacopeland@zilphur.com",
      "phone": "(983) 408-3955",
      "address": "196 Garnet Street, Williston, Maryland, 9211",
      "country": "Libya",
      "date": "2017-12-17T02:31:35 -01:00",
      "elementos": [
        "est",
        "mollit",
        "sint",
        "culpa",
        "consequat",
        "ad",
        "nulla",
        "dolore",
        "nostrud"
      ],
      "invoice": 47748
    },
    {
      "_id": "6285ed9138cc41fb0fd55c52",
      "company": "BEDDER",
      "email": "letacopeland@bedder.com",
      "phone": "(806) 584-3341",
      "address": "820 Greenwood Avenue, Emison, Arizona, 1494",
      "country": "St. Pierre and Miquelon",
      "date": "2017-03-04T03:45:18 -01:00",
      "elementos": [
        "fugiat",
        "id",
        "culpa",
        "ex",
        "labore",
        "dolor",
        "duis",
        "esse"
      ],
      "invoice": 25805
    },
    {
      "_id": "6285ed91554f9a70ea1da8a2",
      "company": "UNISURE",
      "email": "letacopeland@unisure.com",
      "phone": "(980) 594-2135",
      "address": "430 Homecrest Avenue, Sims, Kentucky, 6368",
      "country": "Kiribati",
      "date": "2017-11-21T08:11:58 -01:00",
      "elementos": [
        "id",
        "deserunt"
      ],
      "invoice": 39263
    },
    {
      "_id": "6285ed91d64ba5c4a1b84800",
      "company": "ECRAZE",
      "email": "letacopeland@ecraze.com",
      "phone": "(859) 404-3974",
      "address": "252 Vandervoort Avenue, Shawmut, North Carolina, 5516",
      "country": "Pakistan",
      "date": "2022-01-20T01:18:50 -01:00",
      "elementos": [
        "ex",
        "minim",
        "pariatur",
        "qui"
      ],
      "invoice": 12238
    },
    {
      "_id": "6285ed916a9062190a01aec0",
      "company": "OVERPLEX",
      "email": "letacopeland@overplex.com",
      "phone": "(890) 505-3989",
      "address": "922 Micieli Place, Heil, West Virginia, 3641",
      "country": "Tajikistan",
      "date": "2018-06-12T02:46:52 -02:00",
      "elementos": [
        "eu",
        "dolor",
        "aliquip",
        "consectetur",
        "aliquip",
        "eu"
      ],
      "invoice": 32283
    },
    {
      "_id": "6285ed914606879e49a85342",
      "company": "TALKOLA",
      "email": "letacopeland@talkola.com",
      "phone": "(845) 478-3933",
      "address": "654 Garden Place, Nanafalia, New Mexico, 759",
      "country": "Benin",
      "date": "2015-11-12T11:52:19 -01:00",
      "elementos": [
        "proident",
        "anim",
        "eiusmod",
        "Lorem",
        "eu",
        "reprehenderit",
        "ea",
        "enim"
      ],
      "invoice": 25316
    },
    {
      "_id": "6285ed9165c11bb4079a2886",
      "company": "COFINE",
      "email": "letacopeland@cofine.com",
      "phone": "(816) 527-3371",
      "address": "708 Amber Street, Blodgett, Utah, 7960",
      "country": "Madagascar",
      "date": "2019-03-09T01:03:31 -01:00",
      "elementos": [
        "aute",
        "reprehenderit",
        "enim",
        "reprehenderit",
        "ad",
        "aute"
      ],
      "invoice": 21710
    },
    {
      "_id": "6285ed9145b9c818338e0fcb",
      "company": "GEEKWAGON",
      "email": "letacopeland@geekwagon.com",
      "phone": "(811) 598-2467",
      "address": "448 Louis Place, Bellfountain, Palau, 8575",
      "country": "China",
      "date": "2014-01-27T09:12:40 -01:00",
      "elementos": [
        "amet",
        "cillum"
      ],
      "invoice": 47351
    },
    {
      "_id": "6285ed91fffbaad3bc7a643a",
      "company": "POOCHIES",
      "email": "letacopeland@poochies.com",
      "phone": "(924) 501-3925",
      "address": "362 Hendrix Street, Independence, Kansas, 5170",
      "country": "El Salvador",
      "date": "2015-10-19T02:44:23 -02:00",
      "elementos": [
        "minim",
        "adipisicing",
        "et",
        "dolor",
        "irure",
        "sit",
        "anim",
        "deserunt"
      ],
      "invoice": 15739
    },
    {
      "_id": "6285ed91b47c6f00eaa74e26",
      "company": "CANDECOR",
      "email": "letacopeland@candecor.com",
      "phone": "(918) 543-3331",
      "address": "484 Huron Street, Finzel, Connecticut, 5450",
      "country": "Bangladesh",
      "date": "2022-03-19T12:52:38 -01:00",
      "elementos": [
        "Lorem",
        "deserunt",
        "eu",
        "irure",
        "et",
        "occaecat",
        "mollit",
        "nulla"
      ],
      "invoice": 30539
    },
    {
      "_id": "6285ed9105f514a3d3fbdcc7",
      "company": "UNI",
      "email": "letacopeland@uni.com",
      "phone": "(860) 595-2298",
      "address": "842 Beaumont Street, Jennings, South Dakota, 789",
      "country": "San Marino",
      "date": "2015-03-04T12:41:10 -01:00",
      "elementos": [
        "ipsum",
        "consectetur",
        "nisi",
        "ipsum"
      ],
      "invoice": 35687
    },
    {
      "_id": "6285ed91ac9da5fd83266995",
      "company": "BEDLAM",
      "email": "letacopeland@bedlam.com",
      "phone": "(934) 407-3003",
      "address": "975 Knapp Street, Elbert, Nevada, 8901",
      "country": "Christmas Island",
      "date": "2021-02-01T02:47:07 -01:00",
      "elementos": [
        "id",
        "est",
        "id",
        "proident",
        "consectetur",
        "incididunt"
      ],
      "invoice": 19358
    },
    {
      "_id": "6285ed916b16876760423de3",
      "company": "STROZEN",
      "email": "letacopeland@strozen.com",
      "phone": "(813) 587-2362",
      "address": "951 Ainslie Street, Kansas, Wyoming, 7222",
      "country": "Korea (South)",
      "date": "2018-10-12T01:18:15 -02:00",
      "elementos": [
        "ad",
        "in",
        "ea",
        "ipsum",
        "minim"
      ],
      "invoice": 30163
    },
    {
      "_id": "6285ed917a71ddeef3dae510",
      "company": "PREMIANT",
      "email": "letacopeland@premiant.com",
      "phone": "(862) 461-2168",
      "address": "774 Madeline Court, Kennedyville, New Hampshire, 8207",
      "country": "Tanzania",
      "date": "2015-09-19T10:01:33 -02:00",
      "elementos": [
        "elit",
        "non",
        "esse",
        "deserunt",
        "id",
        "sit",
        "nostrud",
        "occaecat",
        "tempor"
      ],
      "invoice": 45842
    },
    {
      "_id": "6285ed9119db0869428ab8c5",
      "company": "POWERNET",
      "email": "letacopeland@powernet.com",
      "phone": "(861) 556-2708",
      "address": "805 Kingsway Place, Vernon, Northern Mariana Islands, 2218",
      "country": "Austria",
      "date": "2021-01-27T01:14:07 -01:00",
      "elementos": [
        "esse",
        "proident",
        "esse",
        "nisi"
      ],
      "invoice": 22274
    },
    {
      "_id": "6285ed911633e6689e5934de",
      "company": "EXODOC",
      "email": "letacopeland@exodoc.com",
      "phone": "(874) 456-3302",
      "address": "446 Hanson Place, Kapowsin, Oklahoma, 1592",
      "country": "Burundi",
      "date": "2019-06-24T03:12:12 -02:00",
      "elementos": [
        "ad",
        "cupidatat",
        "ut",
        "et",
        "minim",
        "fugiat",
        "ut",
        "consequat"
      ],
      "invoice": 34423
    },
    {
      "_id": "6285ed9130765a8f3539bf91",
      "company": "TURNLING",
      "email": "letacopeland@turnling.com",
      "phone": "(981) 511-3951",
      "address": "966 Sunnyside Avenue, Ogema, Puerto Rico, 4213",
      "country": "Liberia",
      "date": "2018-03-21T12:23:07 -01:00",
      "elementos": [
        "minim",
        "esse",
        "ipsum",
        "anim",
        "irure",
        "sint",
        "magna",
        "ipsum",
        "ea"
      ],
      "invoice": 39888
    },
    {
      "_id": "6285ed91653544258ff6f643",
      "company": "FROLIX",
      "email": "letacopeland@frolix.com",
      "phone": "(956) 412-2718",
      "address": "365 Kaufman Place, Neahkahnie, Virginia, 7939",
      "country": "Macau",
      "date": "2016-05-16T04:11:51 -02:00",
      "elementos": [
        "dolor",
        "quis",
        "ea",
        "qui",
        "non",
        "ut",
        "incididunt",
        "culpa",
        "exercitation"
      ],
      "invoice": 10511
    },
    {
      "_id": "6285ed914e3ef406e0378174",
      "company": "KANGLE",
      "email": "letacopeland@kangle.com",
      "phone": "(937) 421-3538",
      "address": "834 Lefferts Place, Campo, Marshall Islands, 2257",
      "country": "Morocco",
      "date": "2019-08-17T02:16:55 -02:00",
      "elementos": [
        "est",
        "amet",
        "id",
        "est",
        "duis"
      ],
      "invoice": 25930
    },
    {
      "_id": "6285ed91f022f0ef2e1cac38",
      "company": "PORTALIS",
      "email": "letacopeland@portalis.com",
      "phone": "(980) 528-3450",
      "address": "529 Bragg Street, Marbury, Washington, 9167",
      "country": "Macedonia",
      "date": "2016-01-03T10:12:51 -01:00",
      "elementos": [
        "ipsum",
        "labore",
        "sunt",
        "aliqua",
        "ullamco",
        "fugiat"
      ],
      "invoice": 18205
    },
    {
      "_id": "6285ed9107ecbfa2a0e94939",
      "company": "CONFRENZY",
      "email": "letacopeland@confrenzy.com",
      "phone": "(864) 422-3654",
      "address": "401 Bedell Lane, Whipholt, South Carolina, 2444",
      "country": "Belgium",
      "date": "2020-05-29T02:23:55 -02:00",
      "elementos": [
        "Lorem",
        "reprehenderit",
        "eu"
      ],
      "invoice": 42207
    },
    {
      "_id": "6285ed912aca0a7630afff57",
      "company": "MANTRIX",
      "email": "letacopeland@mantrix.com",
      "phone": "(938) 462-2346",
      "address": "177 Ferry Place, Cavalero, Hawaii, 6366",
      "country": "Cayman Islands",
      "date": "2016-02-06T11:58:57 -01:00",
      "elementos": [
        "mollit",
        "proident",
        "eu",
        "ad",
        "minim",
        "officia",
        "enim",
        "veniam"
      ],
      "invoice": 26472
    },
    {
      "_id": "6285ed914eb72bca8d091bc5",
      "company": "PROVIDCO",
      "email": "letacopeland@providco.com",
      "phone": "(948) 452-3752",
      "address": "616 Richardson Street, Thermal, District Of Columbia, 1614",
      "country": "Kuwait",
      "date": "2016-01-07T06:49:03 -01:00",
      "elementos": [
        "exercitation",
        "ullamco",
        "ea",
        "esse",
        "consectetur",
        "dolore"
      ],
      "invoice": 18824
    },
    {
      "_id": "6285ed91d3746b477f1b397d",
      "company": "EXTRAGENE",
      "email": "letacopeland@extragene.com",
      "phone": "(802) 458-3361",
      "address": "731 Crystal Street, Cochranville, Nebraska, 5850",
      "country": "Vanuatu",
      "date": "2020-09-11T07:55:25 -02:00",
      "elementos": [
        "minim",
        "anim",
        "non",
        "laboris",
        "voluptate",
        "fugiat",
        "magna",
        "in",
        "dolor"
      ],
      "invoice": 36616
    }
  ]
}